experiment,dataset,variant,n_early,n_random,cnn_dim,gru_dim,gru_layers,run,accuracy_pct
baseline,HUST,default (CNN+GRU),,,,,,1,84.18
baseline,HUST,transformer,,,,,,1,-
baseline,HUST,CMA-ES,,,,,,1,-
baseline,MATR,default (CNN+GRU),,,,,,1,80.46
baseline,MATR,transformer,,,,,,1,-
baseline,MATR,CMA-ES,,,,,,1,-
baseline,LFP,default (CNN+GRU),,,,,,1,76.75
baseline,LFP,transformer,,,,,,1,-
baseline,LFP,CMA-ES,,,,,,1,-
exp15,HUST,,2,2,,,,1,88.34
exp15,HUST,,2,4,,,,1,86.77
exp15,HUST,,2,6,,,,1,86.19
exp15,HUST,,2,8,,,,1,85.24
exp15,HUST,,2,10,,,,1,82.21
exp15,HUST,,4,2,,,,1,83.95
exp15,HUST,,4,4,,,,1,80.85
exp15,HUST,,4,6,,,,1,83.33
exp15,HUST,,4,8,,,,1,88.22
exp15,HUST,,4,10,,,,1,81.91
exp15,HUST,,6,2,,,,1,80.32
exp15,HUST,,6,4,,,,1,87.92
exp15,HUST,,6,6,,,,1,84.51
exp15,HUST,,6,8,,,,1,83.74
exp15,HUST,,6,10,,,,1,86.19
exp15,HUST,,8,2,,,,1,81.83
exp15,HUST,,8,4,,,,1,84.24
exp15,HUST,,8,6,,,,1,84.57
exp15,HUST,,8,8,,,,1,84.18
exp15,HUST,,8,10,,,,1,85.21
exp15,HUST,,10,2,,,,1,82.77
exp15,HUST,,10,4,,,,1,86.22
exp15,HUST,,10,6,,,,1,84.04
exp15,HUST,,10,8,,,,1,82.56
exp15,HUST,,10,10,,,,1,86.39
exp15,HUST,,2,2,,,,2,88.34
exp15,HUST,,2,4,,,,2,86.77
exp15,HUST,,2,6,,,,2,86.19
exp15,HUST,,2,8,,,,2,85.24
exp15,HUST,,2,10,,,,2,82.21
exp15,HUST,,4,2,,,,2,83.95
exp15,HUST,,4,4,,,,2,80.85
exp15,HUST,,4,6,,,,2,83.33
exp15,HUST,,4,8,,,,2,88.22
exp15,HUST,,4,10,,,,2,81.91
exp15,HUST,,6,2,,,,2,80.32
exp15,HUST,,6,4,,,,2,87.92
exp15,HUST,,6,6,,,,2,84.51
exp15,HUST,,6,8,,,,2,83.74
exp15,HUST,,6,10,,,,2,86.19
exp15,HUST,,8,2,,,,2,81.83
exp15,HUST,,8,4,,,,2,84.24
exp15,HUST,,8,6,,,,2,84.57
exp15,HUST,,8,8,,,,2,84.18
exp15,HUST,,8,10,,,,2,85.21
exp15,HUST,,10,2,,,,2,82.77
exp15,HUST,,10,4,,,,2,86.22
exp15,HUST,,10,6,,,,2,84.04
exp15,HUST,,10,8,,,,2,82.56
exp15,HUST,,10,10,,,,2,86.39
exp15,HUST,,2,2,,,,3,88.34
exp15,HUST,,2,4,,,,3,86.77
exp15,HUST,,2,6,,,,3,86.19
exp15,HUST,,2,8,,,,3,85.24
exp15,HUST,,2,10,,,,3,82.21
exp15,HUST,,4,2,,,,3,83.95
exp15,HUST,,4,4,,,,3,80.85
exp15,HUST,,4,6,,,,3,83.33
exp15,HUST,,4,8,,,,3,88.22
exp15,HUST,,4,10,,,,3,81.91
exp15,HUST,,6,2,,,,3,80.32
exp15,HUST,,6,4,,,,3,87.92
exp15,HUST,,6,6,,,,3,84.51
exp15,HUST,,6,8,,,,3,83.74
exp15,HUST,,6,10,,,,3,86.19
exp15,HUST,,8,2,,,,3,81.83
exp15,HUST,,8,4,,,,3,84.24
exp15,HUST,,8,6,,,,3,84.57
exp15,HUST,,8,8,,,,3,84.18
exp15,HUST,,8,10,,,,3,85.21
exp15,HUST,,10,2,,,,3,82.77
exp15,HUST,,10,4,,,,3,86.22
exp15,HUST,,10,6,,,,3,84.04
exp15,HUST,,10,8,,,,3,82.56
exp15,HUST,,10,10,,,,3,86.39
exp15,HUST,,2,2,,,,4,88.34
exp15,HUST,,2,4,,,,4,86.77
exp15,HUST,,2,6,,,,4,86.19
exp15,HUST,,2,8,,,,4,85.24
exp15,HUST,,2,10,,,,4,82.21
exp15,HUST,,4,2,,,,4,83.95
exp15,HUST,,4,4,,,,4,80.85
exp15,HUST,,4,6,,,,4,83.33
exp15,HUST,,4,8,,,,4,88.22
exp15,HUST,,4,10,,,,4,81.91
exp15,HUST,,6,2,,,,4,80.32
exp15,HUST,,6,4,,,,4,87.92
exp15,HUST,,6,6,,,,4,84.51
exp15,HUST,,6,8,,,,4,83.74
exp15,HUST,,6,10,,,,4,86.19
exp15,HUST,,8,2,,,,4,81.83
exp15,HUST,,8,4,,,,4,84.24
exp15,HUST,,8,6,,,,4,84.57
exp15,HUST,,8,8,,,,4,84.18
exp15,HUST,,8,10,,,,4,85.21
exp15,HUST,,10,2,,,,4,82.77
exp15,HUST,,10,4,,,,4,86.22
exp15,HUST,,10,6,,,,4,84.04
exp15,HUST,,10,8,,,,4,82.56
exp15,HUST,,10,10,,,,4,86.39
exp15,HUST,,2,2,,,,5,88.34
exp15,HUST,,2,4,,,,5,86.77
exp15,HUST,,2,6,,,,5,86.19
exp15,HUST,,2,8,,,,5,85.24
exp15,HUST,,2,10,,,,5,82.21
exp15,HUST,,4,2,,,,5,83.95
exp15,HUST,,4,4,,,,5,80.85
exp15,HUST,,4,6,,,,5,83.33
exp15,HUST,,4,8,,,,5,88.22
exp15,HUST,,4,10,,,,5,81.91
exp15,HUST,,6,2,,,,5,80.32
exp15,HUST,,6,4,,,,5,87.92
exp15,HUST,,6,6,,,,5,84.51
exp15,HUST,,6,8,,,,5,83.74
exp15,HUST,,6,10,,,,5,86.19
exp15,HUST,,8,2,,,,5,81.83
exp15,HUST,,8,4,,,,5,84.24
exp15,HUST,,8,6,,,,5,84.57
exp15,HUST,,8,8,,,,5,84.18
exp15,HUST,,8,10,,,,5,85.21
exp15,HUST,,10,2,,,,5,82.77
exp15,HUST,,10,4,,,,5,86.22
exp15,HUST,,10,6,,,,5,84.04
exp15,HUST,,10,8,,,,5,82.56
exp15,HUST,,10,10,,,,5,86.39
exp15,MATR,,2,2,,,,1,77.34
exp15,MATR,,2,4,,,,1,79.28
exp15,MATR,,2,6,,,,1,81.51
exp15,MATR,,2,8,,,,1,82.38
exp15,MATR,,2,10,,,,1,79.38
exp15,MATR,,4,2,,,,1,80.74
exp15,MATR,,4,4,,,,1,79.34
exp15,MATR,,4,6,,,,1,79.04
exp15,MATR,,4,8,,,,1,80.26
exp15,MATR,,4,10,,,,1,80.83
exp15,MATR,,6,2,,,,1,84.18
exp15,MATR,,6,4,,,,1,81.96
exp15,MATR,,6,6,,,,1,81.65
exp15,MATR,,6,8,,,,1,81.60
exp15,MATR,,6,10,,,,1,81.91
exp15,MATR,,8,2,,,,1,79.88
exp15,MATR,,8,4,,,,1,80.44
exp15,MATR,,8,6,,,,1,82.22
exp15,MATR,,8,8,,,,1,80.46
exp15,MATR,,8,10,,,,1,81.44
exp15,MATR,,10,2,,,,1,80.15
exp15,MATR,,10,4,,,,1,77.32
exp15,MATR,,10,6,,,,1,81.75
exp15,MATR,,10,8,,,,1,81.68
exp15,MATR,,10,10,,,,1,78.79
exp15,MATR,,2,2,,,,2,77.34
exp15,MATR,,2,4,,,,2,79.28
exp15,MATR,,2,6,,,,2,81.51
exp15,MATR,,2,8,,,,2,82.38
exp15,MATR,,2,10,,,,2,79.38
exp15,MATR,,4,2,,,,2,80.74
exp15,MATR,,4,4,,,,2,79.34
exp15,MATR,,4,6,,,,2,79.04
exp15,MATR,,4,8,,,,2,80.26
exp15,MATR,,4,10,,,,2,80.83
exp15,MATR,,6,2,,,,2,84.18
exp15,MATR,,6,4,,,,2,81.96
exp15,MATR,,6,6,,,,2,81.65
exp15,MATR,,6,8,,,,2,81.60
exp15,MATR,,6,10,,,,2,81.91
exp15,MATR,,8,2,,,,2,79.88
exp15,MATR,,8,4,,,,2,80.44
exp15,MATR,,8,6,,,,2,82.22
exp15,MATR,,8,8,,,,2,80.46
exp15,MATR,,8,10,,,,2,81.44
exp15,MATR,,10,2,,,,2,80.15
exp15,MATR,,10,4,,,,2,77.32
exp15,MATR,,10,6,,,,2,81.75
exp15,MATR,,10,8,,,,2,81.68
exp15,MATR,,10,10,,,,2,78.79
exp15,MATR,,2,2,,,,3,77.34
exp15,MATR,,2,4,,,,3,79.28
exp15,MATR,,2,6,,,,3,81.51
exp15,MATR,,2,8,,,,3,82.38
exp15,MATR,,2,10,,,,3,79.38
exp15,MATR,,4,2,,,,3,80.74
exp15,MATR,,4,4,,,,3,79.34
exp15,MATR,,4,6,,,,3,79.04
exp15,MATR,,4,8,,,,3,80.26
exp15,MATR,,4,10,,,,3,80.83
exp15,MATR,,6,2,,,,3,84.18
exp15,MATR,,6,4,,,,3,81.96
exp15,MATR,,6,6,,,,3,81.65
exp15,MATR,,6,8,,,,3,81.60
exp15,MATR,,6,10,,,,3,81.91
exp15,MATR,,8,2,,,,3,79.88
exp15,MATR,,8,4,,,,3,80.44
exp15,MATR,,8,6,,,,3,82.22
exp15,MATR,,8,8,,,,3,80.46
exp15,MATR,,8,10,,,,3,81.44
exp15,MATR,,10,2,,,,3,80.15
exp15,MATR,,10,4,,,,3,77.32
exp15,MATR,,10,6,,,,3,81.75
exp15,MATR,,10,8,,,,3,81.68
exp15,MATR,,10,10,,,,3,78.79
exp15,MATR,,2,2,,,,4,77.34
exp15,MATR,,2,4,,,,4,79.28
exp15,MATR,,2,6,,,,4,81.51
exp15,MATR,,2,8,,,,4,82.38
exp15,MATR,,2,10,,,,4,79.38
exp15,MATR,,4,2,,,,4,80.74
exp15,MATR,,4,4,,,,4,79.34
exp15,MATR,,4,6,,,,4,79.04
exp15,MATR,,4,8,,,,4,80.26
exp15,MATR,,4,10,,,,4,80.83
exp15,MATR,,6,2,,,,4,84.18
exp15,MATR,,6,4,,,,4,81.96
exp15,MATR,,6,6,,,,4,81.65
exp15,MATR,,6,8,,,,4,81.60
exp15,MATR,,6,10,,,,4,81.91
exp15,MATR,,8,2,,,,4,79.88
exp15,MATR,,8,4,,,,4,80.44
exp15,MATR,,8,6,,,,4,82.22
exp15,MATR,,8,8,,,,4,80.46
exp15,MATR,,8,10,,,,4,81.44
exp15,MATR,,10,2,,,,4,80.15
exp15,MATR,,10,4,,,,4,77.32
exp15,MATR,,10,6,,,,4,81.75
exp15,MATR,,10,8,,,,4,81.68
exp15,MATR,,10,10,,,,4,78.79
exp15,MATR,,2,2,,,,5,77.34
exp15,MATR,,2,4,,,,5,79.28
exp15,MATR,,2,6,,,,5,81.51
exp15,MATR,,2,8,,,,5,82.38
exp15,MATR,,2,10,,,,5,79.38
exp15,MATR,,4,2,,,,5,80.74
exp15,MATR,,4,4,,,,5,79.34
exp15,MATR,,4,6,,,,5,79.04
exp15,MATR,,4,8,,,,5,80.26
exp15,MATR,,4,10,,,,5,80.83
exp15,MATR,,6,2,,,,5,84.18
exp15,MATR,,6,4,,,,5,81.96
exp15,MATR,,6,6,,,,5,81.65
exp15,MATR,,6,8,,,,5,81.60
exp15,MATR,,6,10,,,,5,81.91
exp15,MATR,,8,2,,,,5,79.88
exp15,MATR,,8,4,,,,5,80.44
exp15,MATR,,8,6,,,,5,82.22
exp15,MATR,,8,8,,,,5,80.46
exp15,MATR,,8,10,,,,5,81.44
exp15,MATR,,10,2,,,,5,80.15
exp15,MATR,,10,4,,,,5,77.32
exp15,MATR,,10,6,,,,5,81.75
exp15,MATR,,10,8,,,,5,81.68
exp15,MATR,,10,10,,,,5,78.79
exp15,LFP,,2,2,,,,1,77.17
exp15,LFP,,2,4,,,,1,75.60
exp15,LFP,,2,6,,,,1,76.18
exp15,LFP,,2,8,,,,1,77.20
exp15,LFP,,2,10,,,,1,77.34
exp15,LFP,,4,2,,,,1,75.17
exp15,LFP,,4,4,,,,1,80.95
exp15,LFP,,4,6,,,,1,78.53
exp15,LFP,,4,8,,,,1,76.35
exp15,LFP,,4,10,,,,1,80.26
exp15,LFP,,6,2,,,,1,76.45
exp15,LFP,,6,4,,,,1,76.96
exp15,LFP,,6,6,,,,1,78.58
exp15,LFP,,6,8,,,,1,79.14
exp15,LFP,,6,10,,,,1,77.78
exp15,LFP,,8,2,,,,1,74.45
exp15,LFP,,8,4,,,,1,78.58
exp15,LFP,,8,6,,,,1,80.98
exp15,LFP,,8,8,,,,1,76.75
exp15,LFP,,8,10,,,,1,77.31
exp15,LFP,,10,2,,,,1,76.26
exp15,LFP,,10,4,,,,1,78.03
exp15,LFP,,10,6,,,,1,78.72
exp15,LFP,,10,8,,,,1,79.79
exp15,LFP,,10,10,,,,1,80.39
exp15,LFP,,2,2,,,,2,77.17
exp15,LFP,,2,4,,,,2,75.60
exp15,LFP,,2,6,,,,2,76.18
exp15,LFP,,2,8,,,,2,77.20
exp15,LFP,,2,10,,,,2,77.34
exp15,LFP,,4,2,,,,2,75.17
exp15,LFP,,4,4,,,,2,80.95
exp15,LFP,,4,6,,,,2,78.53
exp15,LFP,,4,8,,,,2,76.35
exp15,LFP,,4,10,,,,2,80.26
exp15,LFP,,6,2,,,,2,76.45
exp15,LFP,,6,4,,,,2,76.96
exp15,LFP,,6,6,,,,2,78.58
exp15,LFP,,6,8,,,,2,79.14
exp15,LFP,,6,10,,,,2,77.78
exp15,LFP,,8,2,,,,2,74.45
exp15,LFP,,8,4,,,,2,78.58
exp15,LFP,,8,6,,,,2,80.98
exp15,LFP,,8,8,,,,2,76.75
exp15,LFP,,8,10,,,,2,77.31
exp15,LFP,,10,2,,,,2,76.26
exp15,LFP,,10,4,,,,2,78.03
exp15,LFP,,10,6,,,,2,78.72
exp15,LFP,,10,8,,,,2,79.79
exp15,LFP,,10,10,,,,2,80.39
exp15,LFP,,2,2,,,,3,77.17
exp15,LFP,,2,4,,,,3,75.60
exp15,LFP,,2,6,,,,3,76.18
exp15,LFP,,2,8,,,,3,77.20
exp15,LFP,,2,10,,,,3,77.34
exp15,LFP,,4,2,,,,3,75.17
exp15,LFP,,4,4,,,,3,80.95
exp15,LFP,,4,6,,,,3,78.53
exp15,LFP,,4,8,,,,3,76.35
exp15,LFP,,4,10,,,,3,80.26
exp15,LFP,,6,2,,,,3,76.45
exp15,LFP,,6,4,,,,3,76.96
exp15,LFP,,6,6,,,,3,78.58
exp15,LFP,,6,8,,,,3,79.14
exp15,LFP,,6,10,,,,3,77.78
exp15,LFP,,8,2,,,,3,74.45
exp15,LFP,,8,4,,,,3,78.58
exp15,LFP,,8,6,,,,3,80.98
exp15,LFP,,8,8,,,,3,76.75
exp15,LFP,,8,10,,,,3,77.31
exp15,LFP,,10,2,,,,3,76.26
exp15,LFP,,10,4,,,,3,78.03
exp15,LFP,,10,6,,,,3,78.72
exp15,LFP,,10,8,,,,3,79.79
exp15,LFP,,10,10,,,,3,80.39
exp15,LFP,,2,2,,,,4,77.17
exp15,LFP,,2,4,,,,4,75.60
exp15,LFP,,2,6,,,,4,76.18
exp15,LFP,,2,8,,,,4,77.20
exp15,LFP,,2,10,,,,4,77.34
exp15,LFP,,4,2,,,,4,75.17
exp15,LFP,,4,4,,,,4,80.95
exp15,LFP,,4,6,,,,4,78.53
exp15,LFP,,4,8,,,,4,76.35
exp15,LFP,,4,10,,,,4,80.26
exp15,LFP,,6,2,,,,4,76.45
exp15,LFP,,6,4,,,,4,76.96
exp15,LFP,,6,6,,,,4,78.58
exp15,LFP,,6,8,,,,4,79.14
exp15,LFP,,6,10,,,,4,77.78
exp15,LFP,,8,2,,,,4,74.45
exp15,LFP,,8,4,,,,4,78.58
exp15,LFP,,8,6,,,,4,80.98
exp15,LFP,,8,8,,,,4,76.75
exp15,LFP,,8,10,,,,4,77.31
exp15,LFP,,10,2,,,,4,76.26
exp15,LFP,,10,4,,,,4,78.03
exp15,LFP,,10,6,,,,4,78.72
exp15,LFP,,10,8,,,,4,79.79
exp15,LFP,,10,10,,,,4,80.39
exp15,LFP,,2,2,,,,5,77.17
exp15,LFP,,2,4,,,,5,75.60
exp15,LFP,,2,6,,,,5,76.18
exp15,LFP,,2,8,,,,5,77.20
exp15,LFP,,2,10,,,,5,77.34
exp15,LFP,,4,2,,,,5,75.17
exp15,LFP,,4,4,,,,5,80.95
exp15,LFP,,4,6,,,,5,78.53
exp15,LFP,,4,8,,,,5,76.35
exp15,LFP,,4,10,,,,5,80.26
exp15,LFP,,6,2,,,,5,76.45
exp15,LFP,,6,4,,,,5,76.96
exp15,LFP,,6,6,,,,5,78.58
exp15,LFP,,6,8,,,,5,79.14
exp15,LFP,,6,10,,,,5,77.78
exp15,LFP,,8,2,,,,5,74.45
exp15,LFP,,8,4,,,,5,78.58
exp15,LFP,,8,6,,,,5,80.98
exp15,LFP,,8,8,,,,5,76.75
exp15,LFP,,8,10,,,,5,77.31
exp15,LFP,,10,2,,,,5,76.26
exp15,LFP,,10,4,,,,5,78.03
exp15,LFP,,10,6,,,,5,78.72
exp15,LFP,,10,8,,,,5,79.79
exp15,LFP,,10,10,,,,5,80.39
model_adjust,HUST,,,,8,8,1,1,83.98
model_adjust,HUST,,,,8,16,1,1,82.33
model_adjust,HUST,,,,8,32,1,1,86.95
model_adjust,HUST,,,,8,64,1,1,87.10
model_adjust,HUST,,,,16,8,1,1,85.98
model_adjust,HUST,,,,16,16,1,1,83.03
model_adjust,HUST,,,,16,32,1,1,83.92
model_adjust,HUST,,,,16,64,1,1,84.42
model_adjust,HUST,,,,32,8,1,1,86.42
model_adjust,HUST,,,,32,16,1,1,87.54
model_adjust,HUST,,,,32,32,1,1,83.68
model_adjust,HUST,,,,32,64,1,1,81.09
model_adjust,HUST,,,,64,8,1,1,87.30
model_adjust,HUST,,,,64,16,1,1,87.01
model_adjust,HUST,,,,64,32,1,1,82.36
model_adjust,HUST,,,,64,64,1,1,80.53
model_adjust,HUST,,,,8,8,2,1,88.45
model_adjust,HUST,,,,8,16,2,1,86.72
model_adjust,HUST,,,,8,32,2,1,84.51
model_adjust,HUST,,,,8,64,2,1,88.34
model_adjust,HUST,,,,16,8,2,1,86.89
model_adjust,HUST,,,,16,16,2,1,85.54
model_adjust,HUST,,,,16,32,2,1,82.71
model_adjust,HUST,,,,16,64,2,1,77.29
model_adjust,HUST,,,,32,8,2,1,84.86
model_adjust,HUST,,,,32,16,2,1,83.51
model_adjust,HUST,,,,32,32,2,1,84.18
model_adjust,HUST,,,,32,64,2,1,82.21
model_adjust,HUST,,,,64,8,2,1,86.69
model_adjust,HUST,,,,64,16,2,1,83.56
model_adjust,HUST,,,,64,32,2,1,82.39
model_adjust,HUST,,,,64,64,2,1,83.36
model_adjust,HUST,,,,8,8,3,1,89.25
model_adjust,HUST,,,,8,16,3,1,89.10
model_adjust,HUST,,,,8,32,3,1,85.48
model_adjust,HUST,,,,8,64,3,1,85.33
model_adjust,HUST,,,,16,8,3,1,85.95
model_adjust,HUST,,,,16,16,3,1,80.80
model_adjust,HUST,,,,16,32,3,1,86.39
model_adjust,HUST,,,,16,64,3,1,84.04
model_adjust,HUST,,,,32,8,3,1,87.01
model_adjust,HUST,,,,32,16,3,1,82.92
model_adjust,HUST,,,,32,32,3,1,82.33
model_adjust,HUST,,,,32,64,3,1,84.09
model_adjust,HUST,,,,64,8,3,1,86.66
model_adjust,HUST,,,,64,16,3,1,83.15
model_adjust,HUST,,,,64,32,3,1,89.19
model_adjust,HUST,,,,64,64,3,1,79.76
model_adjust,HUST,,,,8,8,1,2,83.98
model_adjust,HUST,,,,8,16,1,2,82.33
model_adjust,HUST,,,,8,32,1,2,86.95
model_adjust,HUST,,,,8,64,1,2,87.10
model_adjust,HUST,,,,16,8,1,2,85.98
model_adjust,HUST,,,,16,16,1,2,83.03
model_adjust,HUST,,,,16,32,1,2,83.92
model_adjust,HUST,,,,16,64,1,2,84.42
model_adjust,HUST,,,,32,8,1,2,86.42
model_adjust,HUST,,,,32,16,1,2,87.54
model_adjust,HUST,,,,32,32,1,2,83.68
model_adjust,HUST,,,,32,64,1,2,81.09
model_adjust,HUST,,,,64,8,1,2,87.30
model_adjust,HUST,,,,64,16,1,2,87.01
model_adjust,HUST,,,,64,32,1,2,82.36
model_adjust,HUST,,,,64,64,1,2,80.53
model_adjust,HUST,,,,8,8,2,2,88.45
model_adjust,HUST,,,,8,16,2,2,86.72
model_adjust,HUST,,,,8,32,2,2,84.51
model_adjust,HUST,,,,8,64,2,2,88.34
model_adjust,HUST,,,,16,8,2,2,86.89
model_adjust,HUST,,,,16,16,2,2,85.54
model_adjust,HUST,,,,16,32,2,2,82.71
model_adjust,HUST,,,,16,64,2,2,77.29
model_adjust,HUST,,,,32,8,2,2,84.86
model_adjust,HUST,,,,32,16,2,2,83.51
model_adjust,HUST,,,,32,32,2,2,84.18
model_adjust,HUST,,,,32,64,2,2,82.21
model_adjust,HUST,,,,64,8,2,2,86.69
model_adjust,HUST,,,,64,16,2,2,83.56
model_adjust,HUST,,,,64,32,2,2,82.39
model_adjust,HUST,,,,64,64,2,2,83.36
model_adjust,HUST,,,,8,8,3,2,89.25
model_adjust,HUST,,,,8,16,3,2,89.10
model_adjust,HUST,,,,8,32,3,2,85.48
model_adjust,HUST,,,,8,64,3,2,85.33
model_adjust,HUST,,,,16,8,3,2,85.95
model_adjust,HUST,,,,16,16,3,2,80.80
model_adjust,HUST,,,,16,32,3,2,86.39
model_adjust,HUST,,,,16,64,3,2,84.04
model_adjust,HUST,,,,32,8,3,2,87.01
model_adjust,HUST,,,,32,16,3,2,82.92
model_adjust,HUST,,,,32,32,3,2,82.33
model_adjust,HUST,,,,32,64,3,2,84.09
model_adjust,HUST,,,,64,8,3,2,86.66
model_adjust,HUST,,,,64,16,3,2,83.15
model_adjust,HUST,,,,64,32,3,2,89.19
model_adjust,HUST,,,,64,64,3,2,79.76
model_adjust,HUST,,,,8,8,1,3,83.98
model_adjust,HUST,,,,8,16,1,3,82.33
model_adjust,HUST,,,,8,32,1,3,86.95
model_adjust,HUST,,,,8,64,1,3,87.10
model_adjust,HUST,,,,16,8,1,3,85.98
model_adjust,HUST,,,,16,16,1,3,83.03
model_adjust,HUST,,,,16,32,1,3,83.92
model_adjust,HUST,,,,16,64,1,3,84.42
model_adjust,HUST,,,,32,8,1,3,86.42
model_adjust,HUST,,,,32,16,1,3,87.54
model_adjust,HUST,,,,32,32,1,3,83.68
model_adjust,HUST,,,,32,64,1,3,81.09
model_adjust,HUST,,,,64,8,1,3,87.30
model_adjust,HUST,,,,64,16,1,3,87.01
model_adjust,HUST,,,,64,32,1,3,82.36
model_adjust,HUST,,,,64,64,1,3,80.53
model_adjust,HUST,,,,8,8,2,3,88.45
model_adjust,HUST,,,,8,16,2,3,86.72
model_adjust,HUST,,,,8,32,2,3,84.51
model_adjust,HUST,,,,8,64,2,3,88.34
model_adjust,HUST,,,,16,8,2,3,86.89
model_adjust,HUST,,,,16,16,2,3,85.54
model_adjust,HUST,,,,16,32,2,3,82.71
model_adjust,HUST,,,,16,64,2,3,77.29
model_adjust,HUST,,,,32,8,2,3,84.86
model_adjust,HUST,,,,32,16,2,3,83.51
model_adjust,HUST,,,,32,32,2,3,84.18
model_adjust,HUST,,,,32,64,2,3,82.21
model_adjust,HUST,,,,64,8,2,3,86.69
model_adjust,HUST,,,,64,16,2,3,83.56
model_adjust,HUST,,,,64,32,2,3,82.39
model_adjust,HUST,,,,64,64,2,3,83.36
model_adjust,HUST,,,,8,8,3,3,89.25
model_adjust,HUST,,,,8,16,3,3,89.10
model_adjust,HUST,,,,8,32,3,3,85.48
model_adjust,HUST,,,,8,64,3,3,85.33
model_adjust,HUST,,,,16,8,3,3,85.95
model_adjust,HUST,,,,16,16,3,3,80.80
model_adjust,HUST,,,,16,32,3,3,86.39
model_adjust,HUST,,,,16,64,3,3,84.04
model_adjust,HUST,,,,32,8,3,3,87.01
model_adjust,HUST,,,,32,16,3,3,82.92
model_adjust,HUST,,,,32,32,3,3,82.33
model_adjust,HUST,,,,32,64,3,3,84.09
model_adjust,HUST,,,,64,8,3,3,86.66
model_adjust,HUST,,,,64,16,3,3,83.15
model_adjust,HUST,,,,64,32,3,3,89.19
model_adjust,HUST,,,,64,64,3,3,79.76
model_adjust,MATR,,,,8,8,1,1,82.48
model_adjust,MATR,,,,8,16,1,1,80.46
model_adjust,MATR,,,,8,32,1,1,79.79
model_adjust,MATR,,,,8,64,1,1,76.26
model_adjust,MATR,,,,16,8,1,1,81.94
model_adjust,MATR,,,,16,16,1,1,82.60
model_adjust,MATR,,,,16,32,1,1,81.76
model_adjust,MATR,,,,16,64,1,1,82.22
model_adjust,MATR,,,,32,8,1,1,80.00
model_adjust,MATR,,,,32,16,1,1,80.60
model_adjust,MATR,,,,32,32,1,1,82.15
model_adjust,MATR,,,,32,64,1,1,80.97
model_adjust,MATR,,,,64,8,1,1,82.37
model_adjust,MATR,,,,64,16,1,1,79.79
model_adjust,MATR,,,,64,32,1,1,80.43
model_adjust,MATR,,,,64,64,1,1,80.19
model_adjust,MATR,,,,8,8,2,1,83.43
model_adjust,MATR,,,,8,16,2,1,79.27
model_adjust,MATR,,,,8,32,2,1,77.35
model_adjust,MATR,,,,8,64,2,1,77.15
model_adjust,MATR,,,,16,8,2,1,81.97
model_adjust,MATR,,,,16,16,2,1,82.63
model_adjust,MATR,,,,16,32,2,1,81.05
model_adjust,MATR,,,,16,64,2,1,82.19
model_adjust,MATR,,,,32,8,2,1,81.00
model_adjust,MATR,,,,32,16,2,1,80.21
model_adjust,MATR,,,,32,32,2,1,80.46
model_adjust,MATR,,,,32,64,2,1,81.39
model_adjust,MATR,,,,64,8,2,1,77.56
model_adjust,MATR,,,,64,16,2,1,81.04
model_adjust,MATR,,,,64,32,2,1,80.73
model_adjust,MATR,,,,64,64,2,1,78.68
model_adjust,MATR,,,,8,8,3,1,82.09
model_adjust,MATR,,,,8,16,3,1,76.08
model_adjust,MATR,,,,8,32,3,1,76.08
model_adjust,MATR,,,,8,64,3,1,80.80
model_adjust,MATR,,,,16,8,3,1,80.80
model_adjust,MATR,,,,16,16,3,1,80.79
model_adjust,MATR,,,,16,32,3,1,79.29
model_adjust,MATR,,,,16,64,3,1,80.36
model_adjust,MATR,,,,32,8,3,1,79.09
model_adjust,MATR,,,,32,16,3,1,78.16
model_adjust,MATR,,,,32,32,3,1,82.87
model_adjust,MATR,,,,32,64,3,1,80.54
model_adjust,MATR,,,,64,8,3,1,79.36
model_adjust,MATR,,,,64,16,3,1,79.88
model_adjust,MATR,,,,64,32,3,1,79.74
model_adjust,MATR,,,,64,64,3,1,80.58
model_adjust,MATR,,,,8,8,1,2,82.48
model_adjust,MATR,,,,8,16,1,2,80.46
model_adjust,MATR,,,,8,32,1,2,79.79
model_adjust,MATR,,,,8,64,1,2,76.26
model_adjust,MATR,,,,16,8,1,2,81.94
model_adjust,MATR,,,,16,16,1,2,82.60
model_adjust,MATR,,,,16,32,1,2,81.76
model_adjust,MATR,,,,16,64,1,2,82.22
model_adjust,MATR,,,,32,8,1,2,80.00
model_adjust,MATR,,,,32,16,1,2,80.60
model_adjust,MATR,,,,32,32,1,2,82.15
model_adjust,MATR,,,,32,64,1,2,80.97
model_adjust,MATR,,,,64,8,1,2,82.37
model_adjust,MATR,,,,64,16,1,2,79.79
model_adjust,MATR,,,,64,32,1,2,80.43
model_adjust,MATR,,,,64,64,1,2,80.19
model_adjust,MATR,,,,8,8,2,2,83.43
model_adjust,MATR,,,,8,16,2,2,79.27
model_adjust,MATR,,,,8,32,2,2,77.35
model_adjust,MATR,,,,8,64,2,2,77.15
model_adjust,MATR,,,,16,8,2,2,81.97
model_adjust,MATR,,,,16,16,2,2,82.63
model_adjust,MATR,,,,16,32,2,2,81.05
model_adjust,MATR,,,,16,64,2,2,82.19
model_adjust,MATR,,,,32,8,2,2,81.00
model_adjust,MATR,,,,32,16,2,2,80.21
model_adjust,MATR,,,,32,32,2,2,80.46
model_adjust,MATR,,,,32,64,2,2,81.39
model_adjust,MATR,,,,64,8,2,2,77.56
model_adjust,MATR,,,,64,16,2,2,81.04
model_adjust,MATR,,,,64,32,2,2,80.73
model_adjust,MATR,,,,64,64,2,2,78.68
model_adjust,MATR,,,,8,8,3,2,82.09
model_adjust,MATR,,,,8,16,3,2,76.08
model_adjust,MATR,,,,8,32,3,2,76.08
model_adjust,MATR,,,,8,64,3,2,80.80
model_adjust,MATR,,,,16,8,3,2,80.80
model_adjust,MATR,,,,16,16,3,2,80.79
model_adjust,MATR,,,,16,32,3,2,79.29
model_adjust,MATR,,,,16,64,3,2,80.36
model_adjust,MATR,,,,32,8,3,2,79.09
model_adjust,MATR,,,,32,16,3,2,78.16
model_adjust,MATR,,,,32,32,3,2,82.87
model_adjust,MATR,,,,32,64,3,2,80.54
model_adjust,MATR,,,,64,8,3,2,79.36
model_adjust,MATR,,,,64,16,3,2,79.88
model_adjust,MATR,,,,64,32,3,2,79.74
model_adjust,MATR,,,,64,64,3,2,80.58
model_adjust,MATR,,,,8,8,1,3,82.48
model_adjust,MATR,,,,8,16,1,3,80.46
model_adjust,MATR,,,,8,32,1,3,79.79
model_adjust,MATR,,,,8,64,1,3,76.26
model_adjust,MATR,,,,16,8,1,3,81.94
model_adjust,MATR,,,,16,16,1,3,82.60
model_adjust,MATR,,,,16,32,1,3,81.76
model_adjust,MATR,,,,16,64,1,3,82.22
model_adjust,MATR,,,,32,8,1,3,80.00
model_adjust,MATR,,,,32,16,1,3,80.60
model_adjust,MATR,,,,32,32,1,3,82.15
model_adjust,MATR,,,,32,64,1,3,80.97
model_adjust,MATR,,,,64,8,1,3,82.37
model_adjust,MATR,,,,64,16,1,3,79.79
model_adjust,MATR,,,,64,32,1,3,80.43
model_adjust,MATR,,,,64,64,1,3,80.19
model_adjust,MATR,,,,8,8,2,3,83.43
model_adjust,MATR,,,,8,16,2,3,79.27
model_adjust,MATR,,,,8,32,2,3,77.35
model_adjust,MATR,,,,8,64,2,3,77.15
model_adjust,MATR,,,,16,8,2,3,81.97
model_adjust,MATR,,,,16,16,2,3,82.63
model_adjust,MATR,,,,16,32,2,3,81.05
model_adjust,MATR,,,,16,64,2,3,82.19
model_adjust,MATR,,,,32,8,2,3,81.00
model_adjust,MATR,,,,32,16,2,3,80.21
model_adjust,MATR,,,,32,32,2,3,80.46
model_adjust,MATR,,,,32,64,2,3,81.39
model_adjust,MATR,,,,64,8,2,3,77.56
model_adjust,MATR,,,,64,16,2,3,81.04
model_adjust,MATR,,,,64,32,2,3,80.73
model_adjust,MATR,,,,64,64,2,3,78.68
model_adjust,MATR,,,,8,8,3,3,82.09
model_adjust,MATR,,,,8,16,3,3,76.08
model_adjust,MATR,,,,8,32,3,3,76.08
model_adjust,MATR,,,,8,64,3,3,80.80
model_adjust,MATR,,,,16,8,3,3,80.80
model_adjust,MATR,,,,16,16,3,3,80.79
model_adjust,MATR,,,,16,32,3,3,79.29
model_adjust,MATR,,,,16,64,3,3,80.36
model_adjust,MATR,,,,32,8,3,3,79.09
model_adjust,MATR,,,,32,16,3,3,78.16
model_adjust,MATR,,,,32,32,3,3,82.87
model_adjust,MATR,,,,32,64,3,3,80.54
model_adjust,MATR,,,,64,8,3,3,79.36
model_adjust,MATR,,,,64,16,3,3,79.88
model_adjust,MATR,,,,64,32,3,3,79.74
model_adjust,MATR,,,,64,64,3,3,80.58
model_adjust,LFP,,,,8,8,1,1,74.68
model_adjust,LFP,,,,8,16,1,1,75.54
model_adjust,LFP,,,,8,32,1,1,78.69
model_adjust,LFP,,,,8,64,1,1,76.49
model_adjust,LFP,,,,16,8,1,1,78.10
model_adjust,LFP,,,,16,16,1,1,79.39
model_adjust,LFP,,,,16,32,1,1,77.77
model_adjust,LFP,,,,16,64,1,1,78.26
model_adjust,LFP,,,,32,8,1,1,76.33
model_adjust,LFP,,,,32,16,1,1,78.02
model_adjust,LFP,,,,32,32,1,1,77.33
model_adjust,LFP,,,,32,64,1,1,78.89
model_adjust,LFP,,,,64,8,1,1,74.94
model_adjust,LFP,,,,64,16,1,1,78.32
model_adjust,LFP,,,,64,32,1,1,78.93
model_adjust,LFP,,,,64,64,1,1,76.67
model_adjust,LFP,,,,8,8,2,1,77.69
model_adjust,LFP,,,,8,16,2,1,80.30
model_adjust,LFP,,,,8,32,2,1,76.19
model_adjust,LFP,,,,8,64,2,1,75.22
model_adjust,LFP,,,,16,8,2,1,75.59
model_adjust,LFP,,,,16,16,2,1,76.04
model_adjust,LFP,,,,16,32,2,1,76.27
model_adjust,LFP,,,,16,64,2,1,78.02
model_adjust,LFP,,,,32,8,2,1,78.64
model_adjust,LFP,,,,32,16,2,1,76.00
model_adjust,LFP,,,,32,32,2,1,76.75
model_adjust,LFP,,,,32,64,2,1,79.00
model_adjust,LFP,,,,64,8,2,1,78.31
model_adjust,LFP,,,,64,16,2,1,78.46
model_adjust,LFP,,,,64,32,2,1,78.98
model_adjust,LFP,,,,64,64,2,1,79.05
model_adjust,LFP,,,,8,8,3,1,75.72
model_adjust,LFP,,,,8,16,3,1,75.24
model_adjust,LFP,,,,8,32,3,1,78.84
model_adjust,LFP,,,,8,64,3,1,75.92
model_adjust,LFP,,,,16,8,3,1,75.70
model_adjust,LFP,,,,16,16,3,1,78.02
model_adjust,LFP,,,,16,32,3,1,78.83
model_adjust,LFP,,,,16,64,3,1,76.34
model_adjust,LFP,,,,32,8,3,1,77.75
model_adjust,LFP,,,,32,16,3,1,80.90
model_adjust,LFP,,,,32,32,3,1,80.05
model_adjust,LFP,,,,32,64,3,1,77.42
model_adjust,LFP,,,,64,8,3,1,76.08
model_adjust,LFP,,,,64,16,3,1,77.69
model_adjust,LFP,,,,64,32,3,1,78.54
model_adjust,LFP,,,,64,64,3,1,76.95
model_adjust,LFP,,,,8,8,1,2,74.68
model_adjust,LFP,,,,8,16,1,2,75.54
model_adjust,LFP,,,,8,32,1,2,78.69
model_adjust,LFP,,,,8,64,1,2,76.49
model_adjust,LFP,,,,16,8,1,2,78.10
model_adjust,LFP,,,,16,16,1,2,79.39
model_adjust,LFP,,,,16,32,1,2,77.77
model_adjust,LFP,,,,16,64,1,2,78.26
model_adjust,LFP,,,,32,8,1,2,76.33
model_adjust,LFP,,,,32,16,1,2,78.02
model_adjust,LFP,,,,32,32,1,2,77.33
model_adjust,LFP,,,,32,64,1,2,78.89
model_adjust,LFP,,,,64,8,1,2,74.94
model_adjust,LFP,,,,64,16,1,2,78.32
model_adjust,LFP,,,,64,32,1,2,78.93
model_adjust,LFP,,,,64,64,1,2,76.67
model_adjust,LFP,,,,8,8,2,2,77.69
model_adjust,LFP,,,,8,16,2,2,80.30
model_adjust,LFP,,,,8,32,2,2,76.19
model_adjust,LFP,,,,8,64,2,2,75.22
model_adjust,LFP,,,,16,8,2,2,75.59
model_adjust,LFP,,,,16,16,2,2,76.04
model_adjust,LFP,,,,16,32,2,2,76.27
model_adjust,LFP,,,,16,64,2,2,78.02
model_adjust,LFP,,,,32,8,2,2,78.64
model_adjust,LFP,,,,32,16,2,2,76.00
model_adjust,LFP,,,,32,32,2,2,76.75
model_adjust,LFP,,,,32,64,2,2,79.00
model_adjust,LFP,,,,64,8,2,2,78.31
model_adjust,LFP,,,,64,16,2,2,78.46
model_adjust,LFP,,,,64,32,2,2,78.98
model_adjust,LFP,,,,64,64,2,2,79.05
model_adjust,LFP,,,,8,8,3,2,75.72
model_adjust,LFP,,,,8,16,3,2,75.24
model_adjust,LFP,,,,8,32,3,2,78.84
model_adjust,LFP,,,,8,64,3,2,75.92
model_adjust,LFP,,,,16,8,3,2,75.70
model_adjust,LFP,,,,16,16,3,2,78.02
model_adjust,LFP,,,,16,32,3,2,78.83
model_adjust,LFP,,,,16,64,3,2,76.34
model_adjust,LFP,,,,32,8,3,2,77.75
model_adjust,LFP,,,,32,16,3,2,80.90
model_adjust,LFP,,,,32,32,3,2,80.05
model_adjust,LFP,,,,32,64,3,2,77.42
model_adjust,LFP,,,,64,8,3,2,76.08
model_adjust,LFP,,,,64,16,3,2,77.69
model_adjust,LFP,,,,64,32,3,2,78.54
model_adjust,LFP,,,,64,64,3,2,76.95
model_adjust,LFP,,,,8,8,1,3,74.68
model_adjust,LFP,,,,8,16,1,3,75.54
model_adjust,LFP,,,,8,32,1,3,78.69
model_adjust,LFP,,,,8,64,1,3,76.49
model_adjust,LFP,,,,16,8,1,3,78.10
model_adjust,LFP,,,,16,16,1,3,79.39
model_adjust,LFP,,,,16,32,1,3,77.77
model_adjust,LFP,,,,16,64,1,3,78.26
model_adjust,LFP,,,,32,8,1,3,76.33
model_adjust,LFP,,,,32,16,1,3,78.02
model_adjust,LFP,,,,32,32,1,3,77.33
model_adjust,LFP,,,,32,64,1,3,78.89
model_adjust,LFP,,,,64,8,1,3,74.94
model_adjust,LFP,,,,64,16,1,3,78.32
model_adjust,LFP,,,,64,32,1,3,78.93
model_adjust,LFP,,,,64,64,1,3,76.67
model_adjust,LFP,,,,8,8,2,3,77.69
model_adjust,LFP,,,,8,16,2,3,80.30
model_adjust,LFP,,,,8,32,2,3,76.19
model_adjust,LFP,,,,8,64,2,3,75.22
model_adjust,LFP,,,,16,8,2,3,75.59
model_adjust,LFP,,,,16,16,2,3,76.04
model_adjust,LFP,,,,16,32,2,3,76.27
model_adjust,LFP,,,,16,64,2,3,78.02
model_adjust,LFP,,,,32,8,2,3,78.64
model_adjust,LFP,,,,32,16,2,3,76.00
model_adjust,LFP,,,,32,32,2,3,76.75
model_adjust,LFP,,,,32,64,2,3,79.00
model_adjust,LFP,,,,64,8,2,3,78.31
model_adjust,LFP,,,,64,16,2,3,78.46
model_adjust,LFP,,,,64,32,2,3,78.98
model_adjust,LFP,,,,64,64,2,3,79.05
model_adjust,LFP,,,,8,8,3,3,75.72
model_adjust,LFP,,,,8,16,3,3,75.24
model_adjust,LFP,,,,8,32,3,3,78.84
model_adjust,LFP,,,,8,64,3,3,75.92
model_adjust,LFP,,,,16,8,3,3,75.70
model_adjust,LFP,,,,16,16,3,3,78.02
model_adjust,LFP,,,,16,32,3,3,78.83
model_adjust,LFP,,,,16,64,3,3,76.34
model_adjust,LFP,,,,32,8,3,3,77.75
model_adjust,LFP,,,,32,16,3,3,80.90
model_adjust,LFP,,,,32,32,3,3,80.05
model_adjust,LFP,,,,32,64,3,3,77.42
model_adjust,LFP,,,,64,8,3,3,76.08
model_adjust,LFP,,,,64,16,3,3,77.69
model_adjust,LFP,,,,64,32,3,3,78.54
model_adjust,LFP,,,,64,64,3,3,76.95
